<component name="ProjectRunConfigurationManager">
  <configuration default="false" name="SolutionsSpringBootApplication" type="SpringBootApplicationConfigurationType" factoryName="Spring Boot" nameIsGenerated="true">
    <module name="solutions" />
    <option name="SPRING_BOOT_MAIN_CLASS" value="com.vaadin.training.intro.solutions.SolutionsSpringBootApplication" />
    <option name="WORKING_DIRECTORY" value="file://$MODULE_DIR$" />
    <method v="2">
      <option name="Make" enabled="true" />
    </method>
  </configuration>
</component>
